{
  "episode_reward": [
    -1034.632948212733,
    -953.1138399262127,
    -846.7641752058116,
    -777.7115541832463,
    -691.8946017538925,
    -595.887452162402,
    -508.2180552538557,
    -426.5985409384175,
    -350.5557948054311,
    -280.5092308351789,
    -208.31031671308875,
    -207.82011853028078,
    -219.54193219819518,
    -238.268884256473,
    -252.45782048947882,
    -266.6224093953979,
    -262.7180686316886,
    -241.6416532796332,
    -218.50893663596284,
    -195.3834237435529,
    -172.17208340478055,
    -149.84280251520076,
    -126.36773478209281,
    -117.00924222418901,
    -90.97535761470576,
    -47.530518222383286,
    -10.69967963922248,
    21.90880448656037,
    51.42499495013555,
    70.68785896731828,
    80.9427898999763,
    90.21291914986047,
    89.72188153071077,
    85.31006567691071,
    78.39233730574222,
    82.72416240637696,
    104.99830718155131,
    135.90474486296716,
    163.86519858071517,
    186.68472425673693,
    206.6120107075368,
    213.69032844692975,
    208.71442638567223,
    203.8047685157334,
    182.5377967434878,
    169.8612919650631,
    160.74953186260737,
    153.69670590107194
  ],
  "episode_length": [
    500.0,
    500.0,
    500.0,
    500.0,
    500.0,
    500.0,
    500.0,
    500.0,
    500.0,
    500.0,
    500.0,
    500.0,
    500.0,
    500.0,
    500.0,
    500.0,
    500.0,
    500.0,
    500.0,
    500.0,
    500.0,
    500.0,
    500.0,
    500.0,
    500.0,
    500.0,
    500.0,
    500.0,
    500.0,
    500.0,
    500.0,
    500.0,
    500.0,
    500.0,
    500.0,
    500.0,
    500.0,
    500.0,
    500.0,
    500.0,
    500.0,
    500.0,
    500.0,
    500.0,
    500.0,
    500.0,
    500.0,
    500.0
  ],
  "policy_loss": [
    0.010484082449693233,
    -0.01344493543729186,
    0.15533081053581554,
    0.019506846787407994,
    0.04861216133576818,
    0.10763713030610234,
    0.09966188675025478,
    0.06830720501602627,
    0.010830171580892056,
    -0.021443846984766424,
    0.07264218444470316,
    0.052558481926098466,
    0.025229055783711374,
    -0.09650083200540394,
    -0.09582096547819674,
    -0.043170743621885777,
    -0.06504985882202163,
    0.05010330263758078,
    0.2309116426622495,
    0.24016413639765233,
    0.13713778750388883,
    0.09221944898599758,
    0.049726105097215624,
    0.022216756336274558,
    0.003989633388118819,
    0.02767847231589258,
    0.035645059592206964,
    0.035172465851064774,
    0.036859308846032945,
    0.07983103902370203,
    0.045072867709677666,
    0.048182643335894684,
    0.026043104589916766,
    0.0262069169402821,
    0.03166873655864037,
    0.03180921134044183,
    0.025740477588260546,
    0.07160394323364017,
    0.02718761177093256,
    0.0341236466774717,
    0.043813638723804615,
    0.05341423032223247,
    0.03641296681307722,
    0.029684036527760325,
    0.04352648850763217,
    0.020696496569952514,
    0.012277524740056833,
    0.01819059083936736
  ],
  "value_loss": [
    1030.6193885803223,
    597.2629261016846,
    272.38811445236206,
    189.09552383422852,
    46.933321714401245,
    17.68859376013279,
    30.889053881168365,
    72.27529549598694,
    104.95023274421692,
    102.20774674415588,
    55.52185571193695,
    254.88476943969727,
    304.5682363510132,
    400.4901542663574,
    423.00303077697754,
    427.19801235198975,
    228.75612258911133,
    64.490398645401,
    55.66504657268524,
    31.5634822845459,
    31.79691869020462,
    56.61117886304855,
    47.24918403625488,
    91.5994568824768,
    61.756663630902764,
    7.4686391405761245,
    10.910506336390972,
    18.80317158550024,
    37.3573683463037,
    36.926651403307915,
    43.28797797858715,
    48.37109537869692,
    32.83091496527195,
    29.546565893292428,
    20.63086543381214,
    12.708202341943979,
    25.821393391489984,
    37.26630982197821,
    40.93576668649912,
    30.39485347767671,
    37.417801171541214,
    25.3579713255167,
    25.33300262391567,
    28.905200934410097,
    45.612788033485415,
    23.160707530048157,
    11.81766376644373,
    4.20096705108881
  ],
  "entropy": [
    5.322778895497322,
    5.142367258667946,
    5.05983704328537,
    4.518009647727013,
    3.67199045419693,
    2.392463579773903,
    2.2041768357157707,
    0.9924317393451929,
    0.4314804137684405,
    -0.31998076941818,
    -0.8901445735245943,
    -0.37104674166766927,
    -1.0397974140942097,
    -0.5761038539931178,
    -0.8645025435835123,
    -1.183326268568635,
    -1.7738590613007545,
    -1.88137436658144,
    -1.9664606302976608,
    -1.9721857570111752,
    -1.5737896468490362,
    -1.9523003544658422,
    -2.164725499227643,
    -2.038775176927447,
    -2.174151898920536,
    -2.223921740055084,
    -2.3688266396522524,
    -2.4854026891291143,
    -2.597175106871873,
    -2.2526723565533757,
    -2.109031856060028,
    -2.2798478730022906,
    -2.2753549199551344,
    -2.533806625008583,
    -2.313253888860345,
    -2.4936419684439897,
    -2.6215124025940897,
    -2.792512871325016,
    -2.902282132953405,
    -2.760290044049422,
    -3.3307422548532486,
    -3.1896543353796005,
    -2.6152713634073734,
    -2.8384996697306635,
    -2.1193718880414965,
    -2.886436215705342,
    -3.3028708156198263,
    -3.9378803819417953
  ]
}