{
  "episode_reward": [
    -1073.8992575387938,
    -1012.5501113287596,
    -923.9841554007426,
    -843.9071991136982,
    -775.1553800818708,
    -721.1676265166844,
    -684.1511027285884,
    -648.657179411504,
    -609.4930352161202,
    -571.7247793937711,
    -530.6343009366491,
    -502.2036688329611,
    -476.5982046092034,
    -452.1213586813191,
    -429.3323644506403,
    -410.0704522521173,
    -393.2347792587303,
    -377.13294703624626,
    -364.46945242893395,
    -357.59265153362486,
    -354.8460424516889,
    -350.0391289250407,
    -347.96841991311885,
    -346.530101466713,
    -328.5595305370749,
    -300.19967361568285,
    -282.56956039952803,
    -270.2683920384634,
    -262.7728348436508,
    -255.23597458953026,
    -249.1428637767872,
    -242.8938967675852,
    -237.8957903594078,
    -237.75378033863174,
    -237.9229326546365,
    -239.542559799822,
    -244.00494713797866,
    -248.60295810087868,
    -256.27482235984974,
    -263.4368323078231,
    -271.3823961540554,
    -280.47853787890904,
    -288.08078055607655,
    -295.0069254247173,
    -298.82631666556574,
    -302.9729549625183,
    -304.1839065972121,
    -305.27451896300937
  ],
  "episode_length": [
    500.0,
    500.0,
    500.0,
    500.0,
    500.0,
    500.0,
    500.0,
    500.0,
    500.0,
    500.0,
    500.0,
    500.0,
    500.0,
    500.0,
    500.0,
    500.0,
    500.0,
    500.0,
    500.0,
    500.0,
    500.0,
    500.0,
    500.0,
    500.0,
    500.0,
    500.0,
    500.0,
    500.0,
    500.0,
    500.0,
    500.0,
    500.0,
    500.0,
    500.0,
    500.0,
    500.0,
    500.0,
    500.0,
    500.0,
    500.0,
    500.0,
    500.0,
    500.0,
    500.0,
    500.0,
    500.0,
    500.0,
    500.0
  ],
  "policy_loss": [
    0.013492697209585458,
    -0.02303009998286143,
    -0.045736269450571854,
    0.06601999468208912,
    0.01637438457692042,
    0.0027856596473914883,
    0.17012014481588267,
    0.16750941099599004,
    0.10900533781386912,
    0.07900417339988053,
    0.07972466861247085,
    0.06338575429981574,
    0.05415890016593039,
    0.07985126209678128,
    0.06380475705373101,
    0.09575190499890596,
    0.03580997200333513,
    0.06413565308321267,
    0.1010989198111929,
    0.0716959607671015,
    0.06154557492118329,
    0.09838281711563468,
    0.040633308643009514,
    0.05021821256377734,
    0.08693110982130747,
    0.04751154873520136,
    0.023995546391233802,
    0.02910660591442138,
    0.06451662024483085,
    0.08295171801000834,
    0.06557297662948258,
    0.05977330985479057,
    0.03993188071763143,
    0.035452675190754235,
    0.03334672260098159,
    0.07145342946751043,
    0.045279486104846,
    0.08694755140459165,
    0.05554944140021689,
    0.017528131778817624,
    0.021302754641510546,
    0.05637126008514315,
    0.025780285039218143,
    0.033053717168513685,
    0.027011080615920946,
    0.02515679970383644,
    0.026947938080411404,
    0.02174979855772108
  ],
  "value_loss": [
    1090.67866897583,
    766.379789352417,
    165.757676795125,
    91.54815562566121,
    97.03152310848236,
    58.2020423412323,
    74.87639635801315,
    62.43864420056343,
    67.32663244009018,
    58.57661718130112,
    75.45912981033325,
    58.02778023481369,
    52.66011720895767,
    56.992982268333435,
    48.48178127408028,
    40.3392830491066,
    33.57319948077202,
    30.200562298297882,
    24.938739120960236,
    31.59825897216797,
    42.2086546421051,
    28.156692415475845,
    33.56631463766098,
    35.94606268405914,
    35.27030882239342,
    56.30200684070587,
    62.790958762168884,
    63.376511335372925,
    47.83125561475754,
    41.94383651018143,
    43.84257647395134,
    49.77289825677872,
    47.1998131275177,
    41.30751448869705,
    38.76693671941757,
    37.30054798722267,
    36.617410361766815,
    36.5307492017746,
    35.25575774908066,
    39.63900688290596,
    41.618025839328766,
    50.47324359416962,
    40.93374401330948,
    47.82793164253235,
    54.902016401290894,
    50.46376609802246,
    56.357106387615204,
    54.58990666270256
  ],
  "entropy": [
    5.341963276267052,
    5.161864280700684,
    4.758767411112785,
    3.9564533568918705,
    4.5384764820337296,
    4.204064863423507,
    3.751600173612436,
    3.581170342862606,
    2.9585143700242043,
    3.042186126112938,
    2.244774930179119,
    2.0513008534908295,
    1.5966465808451176,
    1.1729492899030447,
    0.8086575474590063,
    0.6173106301575899,
    0.22312811634037644,
    -0.11537243501516059,
    -0.1392535324266646,
    -0.7768686339259148,
    -1.2652853708714247,
    -1.057942919433117,
    -0.9653100427240133,
    -1.2685268372297287,
    -0.9370113052427769,
    -1.0273246821016073,
    -1.60307577252388,
    -1.7877843081951141,
    -1.5928452014923096,
    -1.606054276227951,
    -1.8863484933972359,
    -1.890919417142868,
    -1.362712748348713,
    -1.4616811908781528,
    -1.488230288028717,
    -1.636066745966673,
    -2.3004108108580112,
    -1.9524327777326107,
    -1.388046570122242,
    -1.2886833921074867,
    -1.5100903697311878,
    -1.1974497325718403,
    -1.3597645349800587,
    -1.2204291634261608,
    -1.0457230862230062,
    -1.2116961032152176,
    -1.157848646864295,
    -1.3241900466382504
  ]
}