{
  "episode_reward": [
    -1020.6810409575701,
    -935.2637649439275,
    -851.830905479379,
    -791.8658545536455,
    -748.3884957162663,
    -718.5562001042999,
    -711.7437192423802,
    -707.7603193036048,
    -704.9077049550704,
    -701.7104037507437,
    -698.2527987154822,
    -694.8995587727321,
    -691.6869220676357,
    -689.4707256570263,
    -687.7485278658263,
    -684.7258903718052,
    -681.4472902735993,
    -677.1917929244419,
    -670.0745364488768,
    -662.2375222127424,
    -656.1949359486313,
    -650.4303496032333,
    -645.7953110809061,
    -643.8747787380743,
    -635.3541288968362,
    -623.4844461908377,
    -617.8823339721188,
    -615.4995699282736,
    -618.237882982716,
    -621.0000376691482,
    -621.8057136051543,
    -616.192850688193,
    -613.2702532259561,
    -612.1488714970089,
    -612.508905644212,
    -612.8553570930287,
    -614.6625470067188,
    -616.7683227096126,
    -618.6108295781538,
    -620.0650650269911,
    -622.0052376480028,
    -623.2631481073424,
    -626.62586333137,
    -631.8936127341912,
    -636.0176708669588,
    -640.9767413670942,
    -649.0621022413299,
    -659.0856399671361
  ],
  "episode_length": [
    500.0,
    500.0,
    500.0,
    500.0,
    500.0,
    500.0,
    500.0,
    500.0,
    500.0,
    500.0,
    500.0,
    500.0,
    500.0,
    500.0,
    500.0,
    500.0,
    500.0,
    500.0,
    500.0,
    500.0,
    500.0,
    500.0,
    500.0,
    500.0,
    500.0,
    500.0,
    500.0,
    500.0,
    500.0,
    500.0,
    500.0,
    500.0,
    500.0,
    500.0,
    500.0,
    500.0,
    500.0,
    500.0,
    500.0,
    500.0,
    500.0,
    500.0,
    500.0,
    500.0,
    500.0,
    500.0,
    500.0,
    500.0
  ],
  "policy_loss": [
    0.015389894950203598,
    -0.045219315772556,
    -0.02008262205054052,
    0.08075372158782557,
    0.06366559691959991,
    0.09026966887176968,
    0.12397445767419413,
    0.1318518518237397,
    0.1290022978791967,
    0.10820502243586816,
    0.13194564555305988,
    0.11908964766189456,
    0.10410843341378495,
    0.10083204891998321,
    0.10325808054767549,
    0.08387160958955064,
    0.0786701058386825,
    0.08120551722822711,
    0.10504016582854092,
    0.1080119286198169,
    0.1583953972440213,
    0.14149934460874647,
    0.1578025328926742,
    0.1619996188674122,
    0.14704563410487026,
    0.15494477737229317,
    0.16370630683377385,
    0.14602302957791835,
    0.16194946668110788,
    0.15308347495738417,
    0.13707717775832862,
    0.165384762105532,
    0.14688968076370656,
    0.14739201799966395,
    0.1331799551844597,
    0.15944994636811316,
    0.15616768307518214,
    0.14652077574282885,
    0.1437264713458717,
    0.08950058009941131,
    0.04733354435302317,
    0.047935565875377506,
    0.085607590386644,
    0.15265402337536216,
    0.1529535863082856,
    0.16200704057700932,
    0.17447094479575753,
    0.17739253211766481
  ],
  "value_loss": [
    1018.6297378540039,
    331.8160074353218,
    119.98803704977036,
    134.4915120601654,
    77.35429022014141,
    112.53521609306335,
    170.14847612380981,
    168.04867553710938,
    157.54458379745483,
    150.97688031196594,
    160.28521919250488,
    135.78613901138306,
    135.25737714767456,
    140.06138253211975,
    141.1515690088272,
    130.11346983909607,
    134.94439643621445,
    128.90909400582314,
    124.27110305428505,
    125.39317870140076,
    157.25546050071716,
    130.31483420729637,
    131.0231236219406,
    140.22093456983566,
    144.1958178281784,
    149.50358998775482,
    152.63379043340683,
    153.89940506219864,
    173.72317278385162,
    169.4581682085991,
    164.8154503107071,
    194.62320148944855,
    166.89703792333603,
    170.93655914068222,
    183.6711494922638,
    179.70991575717926,
    190.58176469802856,
    202.90845584869385,
    203.56186479330063,
    203.1812309026718,
    207.04760253429413,
    250.8199604153633,
    201.9971862435341,
    203.33726108074188,
    200.92168885469437,
    196.0811618566513,
    221.2246527671814,
    269.1485960483551
  ],
  "entropy": [
    5.366514757275581,
    4.998505931347609,
    4.575101696699858,
    4.68607585132122,
    4.486062403023243,
    4.973335847258568,
    6.059473395347595,
    6.022694677114487,
    5.8864986300468445,
    5.717187121510506,
    5.6262901574373245,
    5.49016809463501,
    5.404872238636017,
    5.204844668507576,
    5.039626821875572,
    4.706307142972946,
    4.590706408023834,
    3.863862581551075,
    3.8138265162706375,
    3.6235015019774437,
    4.00388790667057,
    3.905484639108181,
    4.352234482765198,
    4.6953615844249725,
    4.821981951594353,
    4.82386888563633,
    5.052864968776703,
    5.527244508266449,
    5.193607524037361,
    5.146140351891518,
    4.511147305369377,
    4.369492545723915,
    5.407466322183609,
    6.141822785139084,
    6.211089223623276,
    6.144468888640404,
    6.547321915626526,
    6.365130141377449,
    5.800972864031792,
    4.988071516156197,
    5.018406346440315,
    4.339778050780296,
    5.0210166573524475,
    6.079938143491745,
    5.596265375614166,
    6.873493537306786,
    8.119538232684135,
    9.18877512216568
  ]
}