{
  "episode_reward": [
    -1030.936032012105,
    -966.2653694972396,
    -883.6237485306337,
    -811.2962471467908,
    -762.5385022668167,
    -722.9797785417177,
    -694.1303474923063,
    -669.075920913252,
    -647.5026420021636,
    -629.8217502349056,
    -608.9716146280368,
    -596.3713532807876,
    -583.6110710258473,
    -568.814191643312,
    -562.2450698797027,
    -551.9046292100388,
    -543.3803071402067,
    -539.5436777370178,
    -536.8323616170167,
    -536.3507239135373,
    -538.2216109987348,
    -535.5234525110152,
    -530.5599583367355,
    -527.3414831367145,
    -514.2403490702802,
    -500.0410309086734,
    -482.25284727945865,
    -472.6783521093236,
    -470.50834872348173,
    -475.8692010409938,
    -472.1010371525021,
    -479.8700027645001,
    -489.80281930390686,
    -501.1193690048152,
    -509.9600850173639,
    -518.3690673763485,
    -525.1130477265822,
    -530.4290107125784,
    -537.3862405406305,
    -540.9701048558386,
    -542.8700211677694,
    -546.5856408589327,
    -551.6066400511371,
    -548.1538786701108,
    -549.7726221489901,
    -545.9067868024105,
    -552.6812102317065,
    -552.8035705029586
  ],
  "episode_length": [
    500.0,
    500.0,
    500.0,
    500.0,
    500.0,
    500.0,
    500.0,
    500.0,
    500.0,
    500.0,
    500.0,
    500.0,
    500.0,
    500.0,
    500.0,
    500.0,
    500.0,
    500.0,
    500.0,
    500.0,
    500.0,
    500.0,
    500.0,
    500.0,
    500.0,
    500.0,
    500.0,
    500.0,
    500.0,
    500.0,
    500.0,
    500.0,
    500.0,
    500.0,
    500.0,
    500.0,
    500.0,
    500.0,
    500.0,
    500.0,
    500.0,
    500.0,
    500.0,
    500.0,
    500.0,
    500.0,
    500.0,
    500.0
  ],
  "policy_loss": [
    0.017861652886494994,
    -0.01418497582199052,
    0.014772452821489424,
    0.029401348932879046,
    0.07993869006168097,
    0.04758637951454148,
    0.07252679415978491,
    0.048858258058317006,
    0.05541408809949644,
    0.04625261851469986,
    0.045508087903726846,
    0.036376001487951726,
    0.015078776923473924,
    0.10283616377273574,
    0.09421567124081776,
    -0.016011550673283637,
    -0.022738162282621488,
    0.00580577552318573,
    -0.07009901420678943,
    -0.04669603839283809,
    -0.047298735968070105,
    -0.0658287784899585,
    -0.07584721629973501,
    -0.07372103846864775,
    -0.09659354953328148,
    -0.00350822857581079,
    -0.07999106362694874,
    -0.06899784941924736,
    -0.07870837021619081,
    -0.07257871428737417,
    -0.06423716910649091,
    -0.012649779440835118,
    -0.05135319649707526,
    0.018757523910608143,
    -0.06591524396208115,
    0.005447203206131235,
    -0.05618578183930367,
    -0.023949556081788614,
    -0.057511234685080126,
    -0.00930686667561531,
    -0.06541369075421244,
    -0.04746646540297661,
    -0.05796515312977135,
    -0.10617001634091139,
    -0.040927424910478294,
    -0.08674361213343218,
    0.006492297048680484,
    -0.0785685459850356
  ],
  "value_loss": [
    989.1059226989746,
    646.2368288040161,
    353.599552154541,
    171.81301164627075,
    176.4072699546814,
    132.48610162734985,
    120.11225914955139,
    95.31835544109344,
    84.14260184764862,
    79.30990982055664,
    66.09748727083206,
    67.81137257814407,
    58.376168727874756,
    48.75591117143631,
    77.26432013511658,
    57.59557032585144,
    70.8211458325386,
    95.57549178600311,
    108.2611573934555,
    116.52721774578094,
    153.90210509300232,
    122.64189803600311,
    118.10708999633789,
    128.8388557434082,
    138.63180351257324,
    168.90852665901184,
    140.4331375360489,
    171.3168375492096,
    285.9067392349243,
    236.20264291763306,
    182.64271593093872,
    249.2644009590149,
    362.2311849594116,
    271.52383518218994,
    259.7350950241089,
    230.03574657440186,
    256.3875398635864,
    282.6962060928345,
    231.518385887146,
    234.39864873886108,
    214.4403293132782,
    227.02918148040771,
    170.0227620601654,
    63.92313599586487,
    186.61366415023804,
    52.288730442523956,
    176.39866304397583,
    75.37932693958282
  ],
  "entropy": [
    5.374309837818146,
    5.03898511826992,
    4.999540150165558,
    4.652489364147186,
    4.6219597309827805,
    4.190987795591354,
    3.9841781333088875,
    3.173669680953026,
    2.7925031259655952,
    2.6110164895653725,
    2.475732885301113,
    2.3300156965851784,
    2.0975863337516785,
    1.5643069483339787,
    2.498181737959385,
    1.6433920040726662,
    1.8226000778377056,
    2.7907950803637505,
    2.3551916405558586,
    2.537887219339609,
    3.2697929218411446,
    2.0486659072339535,
    1.5221730023622513,
    1.6836423464119434,
    1.9196060355752707,
    3.613094113767147,
    0.7994987396523356,
    1.5183156607672572,
    2.8878659158945084,
    2.026292458176613,
    2.289259444922209,
    4.358525216579437,
    3.973240725696087,
    5.495920658111572,
    4.584400035440922,
    4.339138299226761,
    3.272716775536537,
    2.9560567066073418,
    1.5064150532707572,
    3.1209491938352585,
    0.763057354837656,
    2.106809537857771,
    3.492728531360626,
    0.597692962968722,
    2.3104295507073402,
    0.14537486294284463,
    2.4380306396633387,
    -0.3094785222783685
  ]
}