{
  "episode_reward": [
    -1018.8113171868026,
    -939.8858304950409,
    -848.9263099294282,
    -774.3305375432346,
    -683.4156681961098,
    -582.8491442074987,
    -473.41641660994316,
    -387.919584148966,
    -326.4868110206765,
    -278.017330999371,
    -230.4034438378603,
    -215.57535324336553,
    -192.67013475131967,
    -162.81560674578074,
    -134.59514213377895,
    -109.64935746783672,
    -86.8543086515051,
    -65.87809941803918,
    -47.40994167460275,
    -29.728609920907196,
    -9.922180460016275,
    0.8746594817840914,
    -8.138264580928965,
    -10.17569342267408,
    19.669034015493857,
    62.64708024106458,
    96.57419040071753,
    122.42428720602332,
    141.8339409154814,
    154.30463075563975,
    157.88826700604832,
    155.0349313524903,
    155.90858863756955,
    160.77229983904644,
    166.68318537439606,
    175.02004482713855,
    185.3407844357019,
    189.24662961825524,
    187.8394301955221,
    186.92954417451338,
    184.06601505581756,
    183.00840065655996,
    183.70754643101722,
    185.7446400600206,
    187.03920263160904,
    190.78881018256547,
    203.16371216658226,
    227.1401592069243
  ],
  "episode_length": [
    500.0,
    500.0,
    500.0,
    500.0,
    500.0,
    500.0,
    500.0,
    500.0,
    500.0,
    500.0,
    500.0,
    500.0,
    500.0,
    500.0,
    500.0,
    500.0,
    500.0,
    500.0,
    500.0,
    500.0,
    500.0,
    500.0,
    500.0,
    500.0,
    500.0,
    500.0,
    500.0,
    500.0,
    500.0,
    500.0,
    500.0,
    500.0,
    500.0,
    500.0,
    500.0,
    500.0,
    500.0,
    500.0,
    500.0,
    500.0,
    500.0,
    500.0,
    500.0,
    500.0,
    500.0,
    500.0,
    500.0,
    500.0
  ],
  "policy_loss": [
    0.015379112417576835,
    -0.018359427573159337,
    0.02117855948745273,
    0.02025787119055167,
    0.07774546410655603,
    0.11971250479109585,
    0.39184172614477575,
    0.2514926171861589,
    0.25622745510190725,
    0.27355110738426447,
    0.5867077019065619,
    0.25229940190911293,
    0.1198220137739554,
    0.021364911110140383,
    0.06935777398757637,
    0.036871069751214236,
    0.013939129014033824,
    -0.021510299062356353,
    0.027436287666205317,
    -0.01904005283722654,
    0.11773495562374592,
    0.15896530461031944,
    0.22652809228748083,
    0.07567476025239255,
    0.45489405328407884,
    0.1372452771756798,
    0.18021110689733177,
    0.09715102743939497,
    0.06655553675373085,
    0.04151599213655573,
    0.022774194859084673,
    0.029934976977529004,
    0.0355634951061802,
    0.023235927530913615,
    0.056546295672887936,
    0.03770865933038294,
    0.031172169945784846,
    0.02141415554651758,
    0.01860371752991341,
    0.0222010114666773,
    0.029081084186327644,
    0.02617537107435055,
    0.07400238036643714,
    0.052795537194469944,
    0.029771954333409668,
    0.029183403799025755,
    0.047300609179988636,
    0.058164162779576145
  ],
  "value_loss": [
    971.1614151000977,
    592.2126998901367,
    236.97170448303223,
    163.56309032440186,
    41.273863315582275,
    38.234741032123566,
    153.370787858963,
    92.2456556558609,
    64.92200684547424,
    42.11878377199173,
    16.074017636477947,
    13.549926370382309,
    15.93759435415268,
    40.19550946354866,
    36.44331634044647,
    36.784988701343536,
    46.2819841504097,
    41.1159291267395,
    37.69311064481735,
    48.16277015209198,
    49.13591384887695,
    44.2628852725029,
    181.2437081336975,
    38.42932844161987,
    38.12923038005829,
    18.339510783553123,
    20.40641178190708,
    23.553514662384988,
    16.25972163081169,
    14.967634354531764,
    10.880389643460513,
    15.186124177277089,
    16.6881114423275,
    19.15455754697323,
    33.756390035152435,
    27.255487456917763,
    22.42475281730294,
    15.362889476120472,
    5.593727277219296,
    10.229622196406126,
    4.904450238868594,
    22.654774891212583,
    27.740257792174816,
    37.55568814277649,
    30.286019223183395,
    47.70013329055574,
    49.2303358742169,
    73.28372446695964
  ],
  "entropy": [
    5.348611697554588,
    5.111752152442932,
    4.7752751633524895,
    4.586490228772163,
    3.6167837753891945,
    2.776884727180004,
    0.9055496584624052,
    0.21291918074712157,
    0.5661327671259642,
    1.1375228129327297,
    1.7663974352180958,
    2.4399957731366158,
    0.05963448976399377,
    -0.41085139964707196,
    -2.3487627618014812,
    -1.7484536208212376,
    -2.83485709130764,
    -3.108691394329071,
    -3.4969881400465965,
    -3.501718193292618,
    -3.583647683262825,
    -3.289795972406864,
    -2.371026858687401,
    -2.392783109098673,
    -2.099926669150591,
    -1.5613195672631264,
    -1.2790817506611347,
    -0.8035178507212549,
    -0.9227766569703817,
    -1.5712567843496799,
    -2.0282670978456734,
    -2.182413949817419,
    -2.347703557088971,
    -2.8058291882276536,
    -2.7545863687992096,
    -2.7357447326183317,
    -2.919620653986931,
    -2.7262259252369403,
    -2.8166170328855515,
    -3.058746197074652,
    -3.2744838528335096,
    -3.3994263842701913,
    -3.2501096427440643,
    -3.4979867450892925,
    -3.3523967027664185,
    -3.5213867243793278,
    -3.3848047394837653,
    -3.354089669883251
  ]
}